CustomerID,Recency,MonetaryValue,AvgFrequency,AvgMonetaryValue,months,last_order_date,rfm_recency,rfm_frequency,rfm_monetary,rfm_score,rfm_segment
331,15,2580.26,0.1667,107.51083333333334,24,"2024-05-15 00:00:00",5,1,1,7,"New small Customers"
69,17,3500.7200000000003,0.1786,125.0257142857143,28,"2024-05-13 00:00:00",5,1,1,7,"New small Customers"
59,19,3454.4300000000003,0.1923,132.86269230769233,26,"2024-05-11 00:00:00",5,1,1,7,"New small Customers"
248,41,3708.68,0.2308,142.64153846153846,26,"2024-04-19 00:00:00",4,1,1,6,"New Small Customers"
208,145,3147.71,0.1818,143.0777272727273,22,"2024-01-06 00:00:00",2,1,1,4,"Potential Churners"
172,19,3882.75,0.1923,149.33653846153845,26,"2024-05-11 00:00:00",5,1,1,7,"New small Customers"
249,343,2781.92,0.3529,163.64235294117648,17,"2023-06-22 00:00:00",1,2,1,4,"Potential Churners"
53,131,4181.139999999999,0.2400,167.24559999999997,25,"2024-01-20 00:00:00",2,1,1,4,"Potential Churners"
244,116,4341.21,0.2800,173.6484,25,"2024-02-04 00:00:00",2,1,1,4,"Potential Churners"
58,252,3547.8900000000003,0.2000,177.39450000000002,20,"2023-09-21 00:00:00",1,1,1,3,"Lost Customers"
464,68,4329.76,0.2500,180.40666666666667,24,"2024-03-23 00:00:00",3,1,1,5,"Potential Churners"
380,113,4699.6900000000005,0.2308,180.7573076923077,26,"2024-02-07 00:00:00",2,1,1,4,"Potential Churners"
450,1,4770.45,0.2692,183.47884615384615,26,"2024-05-29 00:00:00",5,1,1,7,"New small Customers"
391,37,4959.25,0.2963,183.67592592592592,27,"2024-04-23 00:00:00",4,1,1,6,"New Small Customers"
237,41,5028.150000000001,0.2593,186.2277777777778,27,"2024-04-19 00:00:00",4,1,1,6,"New Small Customers"
1,7,5041.99,0.2222,186.74037037037036,27,"2024-05-23 00:00:00",5,1,1,7,"New small Customers"
229,102,4680.490000000001,0.2400,187.2196,25,"2024-02-18 00:00:00",2,1,1,4,"Potential Churners"
91,214,4124.74,0.1818,187.4881818181818,22,"2023-10-29 00:00:00",1,1,1,3,"Lost Customers"
329,39,5146.72,0.3333,190.61925925925928,27,"2024-04-21 00:00:00",4,2,1,7,"New small Customers"
234,18,4781.61,0.2000,191.2644,25,"2024-05-12 00:00:00",5,1,1,7,"New small Customers"
190,21,5393.330000000001,0.1786,192.6189285714286,28,"2024-05-09 00:00:00",5,1,1,7,"New small Customers"
238,205,4238.19,0.3182,192.64499999999998,22,"2023-11-07 00:00:00",1,1,1,3,"Lost Customers"
36,140,4286.24,0.2273,194.8290909090909,22,"2024-01-11 00:00:00",2,1,1,4,"Potential Churners"
210,34,5362.12,0.3333,198.59703703703704,27,"2024-04-26 00:00:00",4,2,1,7,"New small Customers"
270,95,4813.97,0.2083,200.58208333333334,24,"2024-02-25 00:00:00",2,1,1,4,"Potential Churners"
276,6,5036.280000000001,0.3200,201.45120000000003,25,"2024-05-24 00:00:00",5,2,1,8,"New small Customers"
66,189,4079.7499999999995,0.4000,203.98749999999998,20,"2023-11-23 00:00:00",1,3,1,5,"Potential Churners"
408,52,5517.24,0.1852,204.3422222222222,27,"2024-04-08 00:00:00",3,1,1,5,"Potential Churners"
425,86,5521.639999999999,0.3333,204.50518518518516,27,"2024-03-05 00:00:00",3,2,1,6,"Potential Churners"
273,60,4504.599999999999,0.3182,204.75454545454542,22,"2024-03-31 00:00:00",3,1,1,5,"Potential Churners"
46,100,4755.4,0.2609,206.75652173913042,23,"2024-02-20 00:00:00",2,1,1,4,"Potential Churners"
108,138,4552.11,0.1364,206.9140909090909,22,"2024-01-13 00:00:00",2,1,1,4,"Potential Churners"
125,73,5434.53,0.3077,209.02038461538461,26,"2024-03-18 00:00:00",3,1,1,5,"Potential Churners"
262,102,3773.06,0.2222,209.61444444444444,18,"2024-02-18 00:00:00",2,1,1,4,"Potential Churners"
78,110,4619.76,0.2273,209.98909090909092,22,"2024-02-10 00:00:00",2,1,1,4,"Potential Churners"
37,90,4872.41,0.2174,211.84391304347827,23,"2024-03-01 00:00:00",2,1,1,4,"Potential Churners"
167,39,5563.850000000001,0.3077,213.99423076923082,26,"2024-04-21 00:00:00",4,1,1,6,"New Small Customers"
436,32,5787.38,0.4074,214.34740740740742,27,"2024-04-28 00:00:00",4,3,1,8,"New small Customers"
400,119,4932.58,0.3913,214.46,23,"2024-02-01 00:00:00",2,3,1,6,"Potential Churners"
459,131,4077.38,0.1579,214.59894736842105,19,"2024-01-20 00:00:00",2,1,1,4,"Potential Churners"
76,116,4981.16,0.2174,216.57217391304349,23,"2024-02-04 00:00:00",2,1,1,4,"Potential Churners"
302,232,4590.099999999999,0.2857,218.57619047619045,21,"2023-10-11 00:00:00",1,1,1,3,"Lost Customers"
360,84,5265.1900000000005,0.4167,219.3829166666667,24,"2024-03-07 00:00:00",3,3,1,7,"Need Attention"
222,41,6006.6900000000005,0.1852,222.47000000000003,27,"2024-04-19 00:00:00",4,1,1,6,"New Small Customers"
35,68,5117.09,0.3913,222.48217391304348,23,"2024-03-23 00:00:00",3,3,1,7,"Need Attention"
323,35,5630.94,0.2400,225.2376,25,"2024-04-25 00:00:00",4,1,1,6,"New Small Customers"
226,47,6096.01,0.2963,225.77814814814815,27,"2024-04-13 00:00:00",4,1,1,6,"New Small Customers"
311,59,5285.36,0.2609,229.7982608695652,23,"2024-04-01 00:00:00",3,1,1,5,"Potential Churners"
424,182,4425.31,0.2105,232.91105263157897,19,"2023-11-30 00:00:00",1,1,1,3,"Lost Customers"
266,121,5950.67,0.2000,238.0268,25,"2024-01-30 00:00:00",2,1,1,4,"Potential Churners"
267,101,2905.41,0.3333,242.11749999999998,12,"2024-02-19 00:00:00",2,2,1,5,"Potential Churners"
13,66,6095.28,0.3600,243.81119999999999,25,"2024-03-25 00:00:00",3,2,1,6,"Potential Churners"
350,144,6121.54,0.2400,244.8616,25,"2024-01-07 00:00:00",2,1,1,4,"Potential Churners"
347,52,6401.429999999999,0.3077,246.20884615384614,26,"2024-04-08 00:00:00",3,1,1,5,"Potential Churners"
170,174,5697.2,0.3043,247.70434782608694,23,"2023-12-08 00:00:00",1,1,1,3,"Lost Customers"
438,3,4463.18,0.3333,247.95444444444445,18,"2024-05-27 00:00:00",5,2,1,8,"New small Customers"
90,74,5979.719999999999,0.3750,249.15499999999997,24,"2024-03-17 00:00:00",3,2,1,6,"Potential Churners"
179,12,6510.99,0.2308,250.4226923076923,26,"2024-05-18 00:00:00",5,1,1,7,"New small Customers"
430,41,6528.71,0.3077,251.10423076923078,26,"2024-04-19 00:00:00",4,1,1,6,"New Small Customers"
499,84,5285.74,0.2857,251.70190476190476,21,"2024-03-07 00:00:00",3,1,1,5,"Potential Churners"
82,119,6300.379999999999,0.2800,252.01519999999996,25,"2024-02-01 00:00:00",2,1,1,4,"Potential Churners"
429,19,6310.56,0.2000,252.4224,25,"2024-05-11 00:00:00",5,1,1,7,"New small Customers"
84,43,3357.98,0.2308,258.30615384615385,13,"2024-04-17 00:00:00",4,1,1,6,"New Small Customers"
362,68,4926.54,0.2632,259.2915789473684,19,"2024-03-23 00:00:00",3,1,1,5,"Potential Churners"
259,71,5705.650000000001,0.2273,259.3477272727273,22,"2024-03-20 00:00:00",3,1,1,5,"Potential Churners"
135,311,4697.39,0.3889,260.9661111111111,18,"2023-07-24 00:00:00",1,3,1,5,"Potential Churners"
29,103,6281.870000000001,0.2083,261.74458333333337,24,"2024-02-17 00:00:00",2,1,1,4,"Potential Churners"
120,130,6367.389999999999,0.2917,265.30791666666664,24,"2024-01-21 00:00:00",2,1,1,4,"Potential Churners"
246,173,5310.58,0.3500,265.529,20,"2023-12-09 00:00:00",1,2,1,4,"Potential Churners"
242,187,6124.9800000000005,0.3478,266.3034782608696,23,"2023-11-25 00:00:00",1,2,1,4,"Potential Churners"
98,238,4798,0.3333,266.55555555555554,18,"2023-10-05 00:00:00",1,2,1,4,"Potential Churners"
477,61,6715.709999999999,0.2400,268.62839999999994,25,"2024-03-30 00:00:00",3,1,1,5,"Potential Churners"
178,3,7284.76,0.2963,269.8059259259259,27,"2024-05-27 00:00:00",5,1,1,7,"New small Customers"
193,7,7567.500000000001,0.4286,270.26785714285717,28,"2024-05-23 00:00:00",5,3,1,9,"Potential Loyalists"
373,32,7587.000000000001,0.2857,270.9642857142857,28,"2024-04-28 00:00:00",4,1,1,6,"New Small Customers"
123,106,6246.93,0.3043,271.60565217391303,23,"2024-02-14 00:00:00",2,1,1,4,"Potential Churners"
26,126,6889.51,0.3200,275.5804,25,"2024-01-25 00:00:00",2,1,1,4,"Potential Churners"
22,152,6653.299999999999,0.3333,277.2208333333333,24,"2023-12-30 00:00:00",1,2,1,4,"Potential Churners"
11,50,6119.4800000000005,0.2727,278.15818181818184,22,"2024-04-10 00:00:00",4,1,1,6,"New Small Customers"
359,40,6979.6,0.3200,279.184,25,"2024-04-20 00:00:00",4,2,1,7,"New small Customers"
160,26,7280.320000000001,0.4615,280.01230769230773,26,"2024-05-04 00:00:00",4,4,1,9,"Potential Loyalists"
100,24,7571.469999999999,0.4815,280.4248148148148,27,"2024-05-06 00:00:00",5,4,1,10,"Potential Loyalists"
220,65,6732.030000000001,0.3333,280.50125,24,"2024-03-26 00:00:00",3,2,1,6,"Potential Churners"
202,21,7305.86,0.2308,280.9946153846154,26,"2024-05-09 00:00:00",5,1,1,7,"New small Customers"
156,343,5084.86,0.4444,282.4922222222222,18,"2023-06-22 00:00:00",1,3,1,5,"Potential Churners"
358,38,7627.999999999999,0.3333,282.5185185185185,27,"2024-04-22 00:00:00",4,2,1,7,"New small Customers"
442,79,7357.01,0.3846,282.9619230769231,26,"2024-03-12 00:00:00",3,3,1,7,"Need Attention"
124,341,3730.74,0.2308,286.97999999999996,13,"2023-06-24 00:00:00",1,1,1,3,"Lost Customers"
255,134,7196.22,0.3200,287.8488,25,"2024-01-17 00:00:00",2,1,1,4,"Potential Churners"
109,21,7210.6,0.2800,288.42400000000004,25,"2024-05-09 00:00:00",5,1,1,7,"New small Customers"
265,388,4328.219999999999,0.2667,288.54799999999994,15,"2023-05-08 00:00:00",1,1,1,3,"Lost Customers"
469,5,6973.7699999999995,0.3333,290.57374999999996,24,"2024-05-25 00:00:00",5,2,1,8,"New small Customers"
195,234,5251.3,0.3889,291.7388888888889,18,"2023-10-09 00:00:00",1,3,1,5,"Potential Churners"
209,2,5553.549999999999,0.3158,292.29210526315785,19,"2024-05-28 00:00:00",5,1,1,7,"New small Customers"
456,185,6731.74,0.3913,292.68434782608693,23,"2023-11-27 00:00:00",1,3,1,5,"Potential Churners"
272,63,5622.36,0.3684,295.9136842105263,19,"2024-03-28 00:00:00",3,2,1,6,"Potential Churners"
306,376,5059.8,0.2941,297.63529411764705,17,"2023-05-20 00:00:00",1,1,1,3,"Lost Customers"
305,22,6604.01,0.3636,300.18227272727273,22,"2024-05-08 00:00:00",5,2,1,8,"New small Customers"
484,64,7817.76,0.3077,300.68307692307695,26,"2024-03-27 00:00:00",3,1,1,5,"Potential Churners"
274,233,6380.69,0.3333,303.84238095238095,21,"2023-10-10 00:00:00",1,2,1,4,"Potential Churners"
44,164,6391.22,0.2857,304.3438095238095,21,"2023-12-18 00:00:00",1,1,2,4,"Potential Churners"
420,12,8834.35,0.3448,304.6327586206897,29,"2024-05-18 00:00:00",5,2,2,9,"Potential Loyalists"
313,90,7322.110000000001,0.3333,305.0879166666667,24,"2024-03-01 00:00:00",2,2,2,6,"Potential Churners"
423,41,8271.44,0.2963,306.34962962962965,27,"2024-04-19 00:00:00",4,1,2,7,"New small Customers"
250,75,8274.76,0.3333,306.4725925925926,27,"2024-03-16 00:00:00",3,2,2,7,"Need Attention"
489,73,8326.71,0.2222,308.39666666666665,27,"2024-03-18 00:00:00",3,1,2,6,"Potential Churners"
28,79,8019.28,0.2692,308.43384615384616,26,"2024-03-12 00:00:00",3,1,2,6,"Potential Churners"
104,21,8356.34,0.3704,309.4940740740741,27,"2024-05-09 00:00:00",5,2,2,9,"Potential Loyalists"
54,28,7761.58,0.3600,310.4632,25,"2024-05-02 00:00:00",4,2,2,8,"New small Customers"
287,10,8400.45,0.4074,311.1277777777778,27,"2024-05-20 00:00:00",5,3,2,10,"Potential Loyalists"
256,26,8735.919999999998,0.3571,311.9971428571428,28,"2024-05-04 00:00:00",4,2,2,8,"New small Customers"
95,199,6570.38,0.4762,312.8752380952381,21,"2023-11-13 00:00:00",1,4,2,7,Unclassified
451,113,7526.670000000001,0.3750,313.61125000000004,24,"2024-02-07 00:00:00",2,2,2,6,"Potential Churners"
282,36,7225.8099999999995,0.2609,314.16565217391303,23,"2024-04-24 00:00:00",4,1,2,7,"New small Customers"
241,16,7544.240000000001,0.3333,314.34333333333336,24,"2024-05-14 00:00:00",5,2,2,9,"Potential Loyalists"
325,137,5359.71,0.2941,315.2770588235294,17,"2024-01-14 00:00:00",2,1,2,5,"Potential Churners"
398,334,5360.2,0.2941,315.3058823529412,17,"2023-07-01 00:00:00",1,1,2,4,"Potential Churners"
289,181,7273.31,0.3913,316.2308695652174,23,"2023-12-01 00:00:00",1,3,2,6,"Potential Churners"
47,50,8567.130000000001,0.3704,317.30111111111114,27,"2024-04-10 00:00:00",4,2,2,8,"New small Customers"
397,0,7325.58,0.3913,318.50347826086954,23,"2024-05-30 00:00:00",5,3,2,10,"Potential Loyalists"
14,20,7046.2,0.4091,320.28181818181815,22,"2024-05-10 00:00:00",5,3,2,10,"Potential Loyalists"
402,133,7688.87,0.3333,320.3695833333333,24,"2024-01-18 00:00:00",2,2,2,6,"Potential Churners"
449,21,8329.69,0.3462,320.3726923076923,26,"2024-05-09 00:00:00",5,2,2,9,"Potential Loyalists"
354,41,8163.06,0.2800,326.5224,25,"2024-04-19 00:00:00",4,1,2,7,"New small Customers"
18,122,8168.9400000000005,0.3200,326.7576,25,"2024-01-29 00:00:00",2,1,2,5,"Potential Churners"
485,26,8507.51,0.2692,327.2119230769231,26,"2024-05-04 00:00:00",4,1,2,7,"New small Customers"
281,62,8838.07,0.3704,327.3359259259259,27,"2024-03-29 00:00:00",3,2,2,7,"Need Attention"
204,126,7867.24,0.3333,327.8016666666667,24,"2024-01-25 00:00:00",2,2,2,6,"Potential Churners"
57,45,7222.360000000001,0.2727,328.28909090909093,22,"2024-04-15 00:00:00",4,1,2,7,"New small Customers"
87,38,9209.98,0.5000,328.92785714285714,28,"2024-04-22 00:00:00",4,4,2,10,"Potential Loyalists"
49,59,8565.19,0.3077,329.43038461538464,26,"2024-04-01 00:00:00",3,1,2,6,"Potential Churners"
291,1,9253.039999999999,0.4286,330.4657142857142,28,"2024-05-29 00:00:00",5,3,2,10,"Potential Loyalists"
406,97,8299,0.4800,331.96,25,"2024-02-23 00:00:00",2,4,2,8,"Need Attention"
43,54,9034.07,0.3704,334.5951851851852,27,"2024-04-06 00:00:00",3,2,2,7,"Need Attention"
25,27,9068.760000000002,0.2222,335.88000000000005,27,"2024-05-03 00:00:00",4,1,2,7,"New small Customers"
315,157,7414.23,0.4545,337.01045454545454,22,"2023-12-25 00:00:00",1,4,2,7,Unclassified
19,20,9467.119999999999,0.3571,338.1114285714285,28,"2024-05-10 00:00:00",5,2,2,9,"Potential Loyalists"
355,4,6765.56,0.3500,338.278,20,"2024-05-26 00:00:00",5,2,2,9,"Potential Loyalists"
443,25,9155.68,0.3704,339.09925925925927,27,"2024-05-05 00:00:00",4,2,2,8,"New small Customers"
212,55,8825.79,0.3077,339.45346153846157,26,"2024-04-05 00:00:00",3,1,2,6,"Potential Churners"
126,103,8830.6,0.3462,339.63846153846157,26,"2024-02-17 00:00:00",2,2,2,6,"Potential Churners"
395,62,9202.99,0.2963,340.85148148148147,27,"2024-03-29 00:00:00",3,1,2,6,"Potential Churners"
260,118,7503.51,0.4545,341.06863636363636,22,"2024-02-02 00:00:00",2,4,2,8,"Need Attention"
472,23,9212.310000000001,0.3333,341.1966666666667,27,"2024-05-07 00:00:00",5,2,2,9,"Potential Loyalists"
23,25,9556,0.3214,341.2857142857143,28,"2024-05-05 00:00:00",4,2,2,8,"New small Customers"
481,35,9256.119999999999,0.2963,342.81925925925924,27,"2024-04-25 00:00:00",4,1,2,7,"New small Customers"
60,102,7557.1,0.2727,343.50454545454545,22,"2024-02-18 00:00:00",2,1,2,5,"Potential Churners"
431,239,6881.9,0.4000,344.09499999999997,20,"2023-10-04 00:00:00",1,3,2,6,"Potential Churners"
165,36,8268.11,0.3333,344.50458333333336,24,"2024-04-24 00:00:00",4,2,2,8,"New small Customers"
207,197,7952.83,0.3913,345.77521739130435,23,"2023-11-15 00:00:00",1,3,2,6,"Potential Churners"
52,43,8308.02,0.2917,346.1675,24,"2024-04-17 00:00:00",4,1,2,7,"New small Customers"
116,101,7970.99,0.3043,346.5647826086956,23,"2024-02-19 00:00:00",2,1,2,5,"Potential Churners"
307,98,9011.460000000001,0.4231,346.5946153846154,26,"2024-02-22 00:00:00",2,3,2,7,"Need Attention"
85,18,9361.9,0.3704,346.737037037037,27,"2024-05-12 00:00:00",5,2,2,9,"Potential Loyalists"
324,61,7637.780000000002,0.5000,347.17181818181825,22,"2024-03-30 00:00:00",3,4,2,9,"Potential Loyalists"
500,53,9378.81,0.2593,347.3633333333333,27,"2024-04-07 00:00:00",3,1,2,6,"Potential Churners"
468,92,8365.45,0.3750,348.5604166666667,24,"2024-02-28 00:00:00",2,2,2,6,"Potential Churners"
330,71,7704.5599999999995,0.3636,350.2072727272727,22,"2024-03-20 00:00:00",3,2,2,7,"Need Attention"
432,179,6683.61,0.3684,351.76894736842104,19,"2023-12-03 00:00:00",1,2,2,5,"Potential Churners"
461,146,7039.55,0.3000,351.9775,20,"2024-01-05 00:00:00",1,1,2,4,"Potential Churners"
56,60,9645.349999999999,0.3333,357.2351851851851,27,"2024-03-31 00:00:00",3,2,2,7,"Need Attention"
114,66,9671.96,0.4815,358.2207407407407,27,"2024-03-25 00:00:00",3,4,2,9,"Potential Loyalists"
377,51,9673.269999999999,0.4815,358.26925925925923,27,"2024-04-09 00:00:00",3,4,2,9,"Potential Loyalists"
479,52,9747.71,0.4074,361.02629629629627,27,"2024-04-08 00:00:00",3,3,2,8,"Need Attention"
111,139,5780.780000000001,0.4375,361.29875000000004,16,"2024-01-12 00:00:00",2,3,2,7,"Need Attention"
487,44,8312.76,0.3478,361.42434782608694,23,"2024-04-16 00:00:00",4,2,2,8,"New small Customers"
50,119,9036.55,0.4000,361.462,25,"2024-02-01 00:00:00",2,3,2,7,"Need Attention"
435,42,9040.789999999999,0.4400,361.63159999999993,25,"2024-04-18 00:00:00",4,3,2,9,"Potential Loyalists"
33,15,9423.619999999999,0.3846,362.44692307692304,26,"2024-05-15 00:00:00",5,3,2,10,"Potential Loyalists"
441,0,9789.48,0.4815,362.5733333333333,27,"2024-05-30 00:00:00",5,4,2,11,"Loyal Customers"
401,4,10575.29,0.4138,364.66517241379313,29,"2024-05-26 00:00:00",5,3,2,10,"Potential Loyalists"
211,209,6206.53,0.2941,365.09,17,"2023-11-03 00:00:00",1,1,2,4,"Potential Churners"
99,40,10237.930000000002,0.3571,365.6403571428572,28,"2024-04-20 00:00:00",4,2,2,8,"New small Customers"
154,19,9541.54,0.3846,366.9823076923077,26,"2024-05-11 00:00:00",5,3,2,10,"Potential Loyalists"
38,135,5880.389999999999,0.5625,367.52437499999996,16,"2024-01-16 00:00:00",2,5,2,9,"Need Attention"
367,327,6616.41,0.4444,367.5783333333333,18,"2023-07-08 00:00:00",1,3,2,6,"Potential Churners"
368,30,10310.48,0.4643,368.2314285714286,28,"2024-04-30 00:00:00",4,4,2,10,"Potential Loyalists"
205,87,9605.48,0.3846,369.44153846153847,26,"2024-03-04 00:00:00",3,3,2,8,"Need Attention"
174,37,8888.27,0.3333,370.34458333333333,24,"2024-04-23 00:00:00",4,2,2,8,"New small Customers"
245,29,10371.98,0.3571,370.42785714285714,28,"2024-05-01 00:00:00",4,2,2,8,"New small Customers"
493,163,7427.07,0.3000,371.3535,20,"2023-12-19 00:00:00",1,1,2,4,"Potential Churners"
132,78,9666.060000000001,0.5000,371.7715384615385,26,"2024-03-13 00:00:00",3,4,2,9,"Potential Loyalists"
157,54,9671.84,0.3077,371.99384615384616,26,"2024-04-06 00:00:00",3,1,2,6,"Potential Churners"
473,35,10420.62,0.4643,372.165,28,"2024-04-25 00:00:00",4,4,2,10,"Potential Loyalists"
446,169,5957.13,0.3125,372.320625,16,"2023-12-13 00:00:00",1,1,2,4,"Potential Churners"
88,215,7825.389999999999,0.4762,372.637619047619,21,"2023-10-28 00:00:00",1,4,2,7,Unclassified
197,3,8583.220000000001,0.3913,373.1834782608696,23,"2024-05-27 00:00:00",5,3,2,10,"Potential Loyalists"
63,196,4854.58,0.3077,373.42923076923074,13,"2023-11-16 00:00:00",1,1,2,4,"Potential Churners"
278,56,10462.04,0.4286,373.64428571428573,28,"2024-04-04 00:00:00",3,3,2,8,"Need Attention"
334,54,6359.96,0.4118,374.11529411764707,17,"2024-04-06 00:00:00",3,3,2,8,"Need Attention"
48,70,8620.83,0.3043,374.8186956521739,23,"2024-03-21 00:00:00",3,1,2,6,"Potential Churners"
27,54,9773.939999999999,0.3077,375.92076923076917,26,"2024-04-06 00:00:00",3,1,2,6,"Potential Churners"
365,81,9400.160000000002,0.4800,376.00640000000004,25,"2024-03-10 00:00:00",3,4,2,9,"Potential Loyalists"
447,15,10171.92,0.3704,376.7377777777778,27,"2024-05-15 00:00:00",5,2,2,9,"Potential Loyalists"
463,15,9442.619999999999,0.3200,377.7048,25,"2024-05-15 00:00:00",5,2,2,9,"Potential Loyalists"
310,208,7957.160000000001,0.3810,378.912380952381,21,"2023-11-04 00:00:00",1,2,2,5,"Potential Churners"
445,46,10279.9,0.5185,380.737037037037,27,"2024-04-14 00:00:00",4,4,2,10,"Potential Loyalists"
370,81,10283.589999999998,0.3333,380.87370370370365,27,"2024-03-10 00:00:00",3,2,2,7,"Need Attention"
286,89,6475.329999999999,0.4118,380.9017647058823,17,"2024-03-02 00:00:00",2,3,2,7,"Need Attention"
404,99,8031.41,0.4762,382.4480952380952,21,"2024-02-21 00:00:00",2,4,2,8,"Need Attention"
483,15,8413.87,0.3636,382.4486363636364,22,"2024-05-15 00:00:00",5,2,3,10,"Potential Loyalists"
230,64,6513.87,0.2353,383.1688235294118,17,"2024-03-27 00:00:00",3,1,3,7,"Need Attention"
233,23,9594.27,0.3600,383.7708,25,"2024-05-07 00:00:00",5,2,3,10,"Potential Loyalists"
77,47,10369.779999999999,0.3333,384.0659259259259,27,"2024-04-13 00:00:00",4,2,3,9,"Potential Loyalists"
381,154,8858.189999999997,0.4783,385.1386956521738,23,"2023-12-28 00:00:00",1,4,3,8,Unclassified
494,134,9247.929999999998,0.3750,385.3304166666666,24,"2024-01-17 00:00:00",2,2,3,7,"Need Attention"
399,26,10803,0.3571,385.82142857142856,28,"2024-05-04 00:00:00",4,2,3,9,"Potential Loyalists"
414,2,10444.320000000002,0.4074,386.8266666666667,27,"2024-05-28 00:00:00",5,3,3,11,"Loyal Customers"
119,53,10068.54,0.3846,387.2515384615385,26,"2024-04-07 00:00:00",3,3,3,9,"Potential Loyalists"
192,41,10457.65,0.4444,387.32037037037037,27,"2024-04-19 00:00:00",4,4,3,11,"Loyal Customers"
348,27,10861.9,0.3571,387.925,28,"2024-05-03 00:00:00",4,2,3,9,"Potential Loyalists"
466,108,10089.970000000001,0.3846,388.07576923076925,26,"2024-02-12 00:00:00",2,3,3,8,"Need Attention"
263,56,9738.14,0.3600,389.5256,25,"2024-04-04 00:00:00",3,2,3,8,"Need Attention"
333,8,10138.410000000002,0.5000,389.9388461538462,26,"2024-05-22 00:00:00",5,4,3,12,"Loyal Customers"
252,35,8976.76,0.3913,390.29391304347826,23,"2024-04-25 00:00:00",4,3,3,10,"Potential Loyalists"
105,106,7808.45,0.3500,390.4225,20,"2024-02-14 00:00:00",2,2,3,7,"Need Attention"
67,268,6638.61,0.4118,390.5064705882353,17,"2023-09-05 00:00:00",1,3,3,7,Unclassified
338,319,5082.760000000001,0.4615,390.98153846153855,13,"2023-07-16 00:00:00",1,4,3,8,Unclassified
482,62,9792.810000000001,0.3600,391.71240000000006,25,"2024-03-29 00:00:00",3,2,3,8,"Need Attention"
189,167,8631.98,0.3182,392.3627272727272,22,"2023-12-15 00:00:00",1,1,3,5,"Potential Churners"
70,60,10601.299999999997,0.5185,392.6407407407406,27,"2024-03-31 00:00:00",3,4,3,10,"Potential Loyalists"
115,217,6284.22,0.4375,392.76375,16,"2023-10-26 00:00:00",1,3,3,7,Unclassified
292,101,9847.880000000001,0.4400,393.9152,25,"2024-02-19 00:00:00",2,3,3,8,"Need Attention"
75,33,5540.619999999999,0.3571,395.7585714285714,14,"2024-04-27 00:00:00",4,2,3,9,"Potential Loyalists"
106,43,9899.92,0.3200,395.9968,25,"2024-04-17 00:00:00",4,2,3,9,"Potential Loyalists"
65,111,9908.86,0.4400,396.3544,25,"2024-02-09 00:00:00",2,3,3,8,"Need Attention"
239,153,7940.31,0.4500,397.01550000000003,20,"2023-12-29 00:00:00",1,4,3,8,Unclassified
388,47,9946.61,0.4400,397.86440000000005,25,"2024-04-13 00:00:00",4,3,3,10,"Potential Loyalists"
20,31,9957.2,0.3600,398.288,25,"2024-04-29 00:00:00",4,2,3,9,"Potential Loyalists"
471,26,9964.78,0.5200,398.5912,25,"2024-05-04 00:00:00",4,4,3,11,"Loyal Customers"
227,27,9989.87,0.3600,399.5948,25,"2024-05-03 00:00:00",4,2,3,9,"Potential Loyalists"
412,38,9591.07,0.4167,399.62791666666664,24,"2024-04-22 00:00:00",4,3,3,10,"Potential Loyalists"
299,121,7998.019999999999,0.4000,399.90099999999995,20,"2024-01-30 00:00:00",2,3,3,8,"Need Attention"
453,9,11207.43,0.3929,400.26535714285717,28,"2024-05-21 00:00:00",5,3,3,11,"Loyal Customers"
304,7,7617.259999999999,0.3684,400.9084210526315,19,"2024-05-23 00:00:00",5,2,3,10,"Potential Loyalists"
8,51,6816.699999999999,0.4118,400.98235294117643,17,"2024-04-09 00:00:00",4,3,3,10,"Potential Loyalists"
375,1,10502.53,0.3846,403.9434615384616,26,"2024-05-29 00:00:00",5,3,3,11,"Loyal Customers"
103,126,10102.06,0.4800,404.0824,25,"2024-01-25 00:00:00",2,4,3,9,"Need Attention"
94,51,11318.310000000001,0.4643,404.2253571428572,28,"2024-04-09 00:00:00",3,4,3,10,"Potential Loyalists"
235,58,7682.73,0.4737,404.35421052631574,19,"2024-04-02 00:00:00",3,4,3,10,"Potential Loyalists"
203,30,10542.449999999999,0.5000,405.4788461538461,26,"2024-04-30 00:00:00",4,4,3,11,"Loyal Customers"
243,40,6905.23,0.4118,406.19,17,"2024-04-20 00:00:00",4,3,3,10,"Potential Loyalists"
199,153,8123.88,0.5500,406.194,20,"2023-12-29 00:00:00",1,5,3,9,"Need Attention"
492,14,10997.500000000002,0.3333,407.3148148148149,27,"2024-05-16 00:00:00",5,2,3,10,"Potential Loyalists"
153,304,7332.030000000001,0.3333,407.33500000000004,18,"2023-07-31 00:00:00",1,2,3,6,"Potential Churners"
293,29,10591.91,0.4231,407.38115384615384,26,"2024-05-01 00:00:00",4,3,3,10,"Potential Loyalists"
137,1,11839.409999999998,0.3448,408.25551724137927,29,"2024-05-29 00:00:00",5,2,3,10,"Potential Loyalists"
166,2,10250.64,0.4800,410.0256,25,"2024-05-28 00:00:00",5,4,3,12,"Loyal Customers"
31,20,11482.949999999999,0.3571,410.1053571428571,28,"2024-05-10 00:00:00",5,2,3,10,"Potential Loyalists"
344,350,6976.46,0.2941,410.38,17,"2023-06-15 00:00:00",1,1,3,5,"Potential Churners"
15,18,9849.32,0.3750,410.3883333333333,24,"2024-05-12 00:00:00",5,2,3,10,"Potential Loyalists"
251,148,9033.789999999999,0.4545,410.6268181818181,22,"2024-01-03 00:00:00",1,4,3,8,Unclassified
96,27,11523.289999999999,0.3929,411.5460714285714,28,"2024-05-03 00:00:00",4,3,3,10,"Potential Loyalists"
342,65,10293.5,0.5200,411.74,25,"2024-03-26 00:00:00",3,4,3,10,"Potential Loyalists"
317,139,7460.22,0.3333,414.4566666666667,18,"2024-01-12 00:00:00",2,2,3,7,"Need Attention"
433,139,8704.28,0.2857,414.48952380952386,21,"2024-01-12 00:00:00",2,1,3,6,"Potential Churners"
7,164,9987.68,0.3750,416.15333333333336,24,"2023-12-18 00:00:00",1,2,3,6,"Potential Churners"
288,130,9995.779999999999,0.4167,416.4908333333333,24,"2024-01-21 00:00:00",2,3,3,8,"Need Attention"
164,64,10888.53,0.3846,418.7896153846154,26,"2024-03-27 00:00:00",3,3,3,9,"Potential Loyalists"
150,15,11760.530000000002,0.4286,420.01892857142866,28,"2024-05-15 00:00:00",5,3,3,11,"Loyal Customers"
162,269,8400.53,0.4500,420.02650000000006,20,"2023-09-04 00:00:00",1,4,3,8,Unclassified
34,58,11360.07,0.3704,420.74333333333334,27,"2024-04-02 00:00:00",3,2,3,8,"Need Attention"
417,263,7167.0700000000015,0.4118,421.59235294117656,17,"2023-09-10 00:00:00",1,3,3,7,Unclassified
418,36,10623.26,0.4000,424.9304,25,"2024-04-24 00:00:00",4,3,3,10,"Potential Loyalists"
284,38,10636.880000000001,0.4400,425.47520000000003,25,"2024-04-22 00:00:00",4,3,3,10,"Potential Loyalists"
113,32,8515.140000000001,0.3500,425.75700000000006,20,"2024-04-28 00:00:00",4,2,3,9,"Potential Loyalists"
6,66,8954.970000000001,0.4286,426.42714285714294,21,"2024-03-25 00:00:00",3,3,3,9,"Potential Loyalists"
117,13,11123.269999999999,0.3846,427.8180769230769,26,"2024-05-17 00:00:00",5,3,3,11,"Loyal Customers"
240,51,10732.340000000002,0.4800,429.2936000000001,25,"2024-04-09 00:00:00",3,4,3,10,"Potential Loyalists"
45,59,8177.419999999998,0.4211,430.3905263157894,19,"2024-04-01 00:00:00",3,3,3,9,"Potential Loyalists"
277,1,8200.439999999999,0.5263,431.60210526315785,19,"2024-05-29 00:00:00",5,4,3,12,"Loyal Customers"
10,4,12111.65,0.3571,432.55892857142857,28,"2024-05-26 00:00:00",5,2,3,10,"Potential Loyalists"
462,109,10408.460000000001,0.3750,433.6858333333334,24,"2024-02-11 00:00:00",2,2,3,7,"Need Attention"
364,52,10852.869999999999,0.4400,434.11479999999995,25,"2024-04-08 00:00:00",3,3,3,9,"Potential Loyalists"
68,140,10448.710000000001,0.3750,435.3629166666667,24,"2024-01-11 00:00:00",2,2,3,7,"Need Attention"
257,39,12194.519999999997,0.4286,435.5185714285713,28,"2024-04-21 00:00:00",4,3,3,10,"Potential Loyalists"
169,87,6102.23,0.4286,435.8735714285714,14,"2024-03-04 00:00:00",2,3,3,8,"Need Attention"
151,4,11820.039999999999,0.4444,437.7792592592592,27,"2024-05-26 00:00:00",5,4,3,12,"Loyal Customers"
345,42,10512.220000000001,0.5833,438.0091666666667,24,"2024-04-18 00:00:00",4,5,3,12,"Loyal Customers"
356,38,12286.640000000001,0.5714,438.8085714285715,28,"2024-04-22 00:00:00",4,5,3,12,"Loyal Customers"
86,52,9666.909999999998,0.3182,439.4049999999999,22,"2024-04-08 00:00:00",3,1,3,7,"Need Attention"
130,66,11879.440000000002,0.3333,439.9792592592593,27,"2024-03-25 00:00:00",3,2,3,8,"Need Attention"
491,49,10570.78,0.3750,440.4491666666667,24,"2024-04-11 00:00:00",4,2,3,9,"Potential Loyalists"
437,79,11470.67,0.4231,441.1796153846154,26,"2024-03-12 00:00:00",3,3,3,9,"Potential Loyalists"
236,457,3981.4100000000003,0.3333,442.3788888888889,9,"2023-02-28 00:00:00",1,2,3,6,"Potential Churners"
168,64,11503.970000000003,0.5000,442.4603846153847,26,"2024-03-27 00:00:00",3,4,3,10,"Potential Loyalists"
102,146,10238.73,0.3478,445.16217391304343,23,"2024-01-05 00:00:00",1,2,3,6,"Potential Churners"
346,36,11133.93,0.4800,445.35720000000003,25,"2024-04-24 00:00:00",4,4,3,11,"Loyal Customers"
290,309,6239.969999999999,0.5000,445.7121428571428,14,"2023-07-26 00:00:00",1,4,3,8,Unclassified
218,52,11174.599999999999,0.3600,446.9839999999999,25,"2024-04-08 00:00:00",3,2,3,8,"Need Attention"
415,134,10292.37,0.4348,447.494347826087,23,"2024-01-17 00:00:00",2,3,3,8,"Need Attention"
309,243,8976.25,0.4500,448.8125,20,"2023-09-30 00:00:00",1,4,3,8,Unclassified
343,3,9881.58,0.4545,449.1627272727273,22,"2024-05-27 00:00:00",5,4,3,12,"Loyal Customers"
107,69,9458.64,0.4762,450.41142857142853,21,"2024-03-22 00:00:00",3,4,3,10,"Potential Loyalists"
140,49,12216.710000000001,0.4074,452.4707407407408,27,"2024-04-11 00:00:00",4,3,3,10,"Potential Loyalists"
416,2,9071.82,0.7000,453.591,20,"2024-05-28 00:00:00",5,5,3,13,"Best Customers"
374,104,10452.6,0.4783,454.4608695652174,23,"2024-02-16 00:00:00",2,4,3,9,"Need Attention"
382,186,5457.27,0.4167,454.77250000000004,12,"2023-11-26 00:00:00",1,3,3,7,Unclassified
387,93,10919.929999999998,0.3750,454.99708333333325,24,"2024-02-27 00:00:00",2,2,3,7,"Need Attention"
219,176,8198.56,0.5556,455.4755555555555,18,"2023-12-06 00:00:00",1,5,3,9,"Need Attention"
61,6,12758.37,0.5000,455.65607142857147,28,"2024-05-24 00:00:00",5,4,4,13,"Best Customers"
339,50,11874.61,0.4231,456.71576923076924,26,"2024-04-10 00:00:00",4,3,4,11,"Loyal Customers"
297,90,11440.310000000003,0.4400,457.61240000000015,25,"2024-03-01 00:00:00",2,3,4,9,"Need Attention"
497,22,13314.829999999998,0.6552,459.1320689655172,29,"2024-05-08 00:00:00",5,5,4,14,"Best Customers"
217,15,10565.019999999999,0.5217,459.34869565217383,23,"2024-05-15 00:00:00",5,4,4,13,"Best Customers"
89,128,7827.380000000001,0.4706,460.4341176470589,17,"2024-01-23 00:00:00",2,4,4,10,"Need Attention"
421,77,11996.86,0.4231,461.41769230769233,26,"2024-03-14 00:00:00",3,3,4,10,"Potential Loyalists"
254,22,12465.54,0.3704,461.6866666666667,27,"2024-05-08 00:00:00",5,2,4,11,"New Big Customers"
285,68,10190.11,0.6364,463.1868181818182,22,"2024-03-23 00:00:00",3,5,4,12,"Loyal Customers"
188,23,5095.92,0.3636,463.26545454545453,11,"2024-05-07 00:00:00",5,2,4,11,"New Big Customers"
16,44,11153.560000000001,0.5833,464.73166666666674,24,"2024-04-16 00:00:00",4,5,4,13,"Best Customers"
411,155,7443.18,0.4375,465.19875,16,"2023-12-27 00:00:00",1,3,4,8,Unclassified
409,4,12566.250000000002,0.4074,465.41666666666674,27,"2024-05-26 00:00:00",5,3,4,12,"Loyal Customers"
253,114,11665.400000000001,0.4000,466.61600000000004,25,"2024-02-06 00:00:00",2,3,4,9,"Need Attention"
215,78,10290.839999999998,0.4091,467.7654545454545,22,"2024-03-13 00:00:00",3,3,4,10,"Potential Loyalists"
385,17,12643.760000000002,0.4815,468.2874074074075,27,"2024-05-13 00:00:00",5,4,4,13,"Best Customers"
147,77,10305.32,0.3636,468.4236363636364,22,"2024-03-14 00:00:00",3,2,4,9,"Potential Loyalists"
39,30,13133.68,0.4286,469.06,28,"2024-04-30 00:00:00",4,3,4,11,"Loyal Customers"
327,20,8443.1,0.3889,469.06111111111113,18,"2024-05-10 00:00:00",5,3,4,12,"Loyal Customers"
312,71,12211.039999999999,0.4615,469.6553846153846,26,"2024-03-20 00:00:00",3,4,4,11,"Loyal Customers"
336,124,11752.23,0.4000,470.0892,25,"2024-01-27 00:00:00",2,3,4,9,"Need Attention"
247,135,10828.829999999998,0.4348,470.81869565217386,23,"2024-01-16 00:00:00",2,3,4,9,"Need Attention"
9,83,10363.15,0.5909,471.05227272727274,22,"2024-03-08 00:00:00",3,5,4,12,"Loyal Customers"
141,412,7540.52,0.3750,471.2825,16,"2023-04-14 00:00:00",1,2,4,7,Unclassified
407,9,12276.04,0.6154,472.15538461538466,26,"2024-05-21 00:00:00",5,5,4,14,"Best Customers"
426,154,11377.300000000001,0.4167,474.05416666666673,24,"2023-12-28 00:00:00",1,3,4,8,Unclassified
314,24,12825.439999999999,0.3704,475.0162962962963,27,"2024-05-06 00:00:00",4,2,4,10,"Potential Loyalists"
458,14,13310.82,0.4286,475.38642857142855,28,"2024-05-16 00:00:00",5,3,4,12,"Loyal Customers"
427,60,9995.220000000001,0.4286,475.9628571428572,21,"2024-03-31 00:00:00",3,3,4,10,"Potential Loyalists"
200,11,13364.849999999999,0.5000,477.3160714285714,28,"2024-05-19 00:00:00",5,4,4,13,"Best Customers"
148,135,11466.810000000001,0.4167,477.78375000000005,24,"2024-01-16 00:00:00",2,3,4,9,"Need Attention"
41,135,11962.19,0.5600,478.48760000000004,25,"2024-01-16 00:00:00",2,5,4,11,"Loyal Customers"
83,2,12498.95,0.4231,480.7288461538462,26,"2024-05-28 00:00:00",5,3,4,12,"Loyal Customers"
439,59,13473.689999999999,0.5357,481.20321428571424,28,"2024-04-01 00:00:00",3,5,4,12,"Loyal Customers"
413,410,7239.149999999999,0.5333,482.6099999999999,15,"2023-04-16 00:00:00",1,4,4,9,"Need Attention"
332,96,11105.670000000002,0.4348,482.85521739130445,23,"2024-02-24 00:00:00",2,3,4,9,"Need Attention"
5,312,9188.320000000002,0.4737,483.5957894736843,19,"2023-07-23 00:00:00",1,4,4,9,"Need Attention"
341,32,13544.54,0.5357,483.73357142857145,28,"2024-04-28 00:00:00",4,5,4,13,"Best Customers"
42,2,14035.85,0.4483,483.9948275862069,29,"2024-05-28 00:00:00",5,4,4,13,"Best Customers"
214,125,11640.440000000002,0.3750,485.01833333333343,24,"2024-01-26 00:00:00",2,2,4,8,"Need Attention"
321,21,12616.669999999998,0.4615,485.2565384615384,26,"2024-05-09 00:00:00",5,4,4,13,"Best Customers"
71,2,13135.01,0.4444,486.48185185185184,27,"2024-05-28 00:00:00",5,4,4,13,"Best Customers"
64,12,13629.31,0.5000,486.7610714285714,28,"2024-05-18 00:00:00",5,4,4,13,"Best Customers"
184,81,11688.419999999998,0.5000,487.0174999999999,24,"2024-03-10 00:00:00",3,4,4,11,"Loyal Customers"
159,192,11225.880000000003,0.5652,488.0817391304349,23,"2023-11-20 00:00:00",1,5,4,10,"Need Attention"
40,34,11716.85,0.5000,488.20208333333335,24,"2024-04-26 00:00:00",4,4,4,12,"Loyal Customers"
298,61,11258.150000000001,0.3913,489.4847826086957,23,"2024-03-30 00:00:00",3,3,4,10,"Potential Loyalists"
403,305,8847.28,0.5556,491.5155555555556,18,"2023-07-30 00:00:00",1,5,4,10,"Need Attention"
55,7,13290.81,0.4074,492.2522222222222,27,"2024-05-23 00:00:00",5,3,4,12,"Loyal Customers"
279,111,11348.869999999999,0.3478,493.42913043478256,23,"2024-02-09 00:00:00",2,2,4,8,"Need Attention"
457,7,9390.43,0.4211,494.23315789473685,19,"2024-05-23 00:00:00",5,3,4,12,"Loyal Customers"
182,16,9392.810000000001,0.4737,494.3584210526316,19,"2024-05-14 00:00:00",5,4,4,13,"Best Customers"
145,176,11372.16,0.5652,494.44173913043477,23,"2023-12-06 00:00:00",1,5,4,10,"Need Attention"
72,0,14391.599999999999,0.3793,496.2620689655172,29,"2024-05-30 00:00:00",5,2,4,11,"New Big Customers"
133,184,10930.239999999998,0.6818,496.82909090909084,22,"2023-11-28 00:00:00",1,5,4,10,"Need Attention"
232,321,9000.4,0.6111,500.0222222222222,18,"2023-07-14 00:00:00",1,5,4,10,"Need Attention"
139,380,5003.570000000001,0.6000,500.3570000000001,10,"2023-05-16 00:00:00",1,5,4,10,"Need Attention"
81,156,12009.9,0.3750,500.41249999999997,24,"2023-12-26 00:00:00",1,2,4,7,Unclassified
122,59,13516.369999999999,0.4444,500.60629629629625,27,"2024-04-01 00:00:00",3,4,4,11,"Loyal Customers"
258,54,12549.380000000001,0.4400,501.97520000000003,25,"2024-04-06 00:00:00",3,3,4,10,"Potential Loyalists"
405,137,11579.86,0.5217,503.4721739130435,23,"2024-01-14 00:00:00",2,4,4,10,"Need Attention"
131,27,11077.33,0.5909,503.515,22,"2024-05-03 00:00:00",4,5,4,13,"Best Customers"
369,54,13603.15,0.4444,503.82037037037037,27,"2024-04-06 00:00:00",3,4,4,11,"Loyal Customers"
428,96,11627.999999999998,0.4348,505.56521739130426,23,"2024-02-24 00:00:00",2,3,4,9,"Need Attention"
392,81,12689.089999999998,0.4800,507.56359999999995,25,"2024-03-10 00:00:00",3,4,4,11,"Loyal Customers"
396,189,10156.4,0.4000,507.82,20,"2023-11-23 00:00:00",1,3,4,8,Unclassified
186,42,12242.480000000001,0.4583,510.1033333333334,24,"2024-04-18 00:00:00",4,4,4,12,"Loyal Customers"
478,49,13784.39,0.3704,510.5329629629629,27,"2024-04-11 00:00:00",4,2,4,10,"Potential Loyalists"
176,78,11243.3,0.4545,511.05909090909086,22,"2024-03-13 00:00:00",3,4,4,11,"Loyal Customers"
434,113,12791.050000000003,0.5600,511.6420000000001,25,"2024-02-07 00:00:00",2,5,4,11,"Loyal Customers"
410,36,10234.720000000001,0.5500,511.73600000000005,20,"2024-04-24 00:00:00",4,5,4,13,"Best Customers"
198,42,13311.31,0.4615,511.9734615384615,26,"2024-04-18 00:00:00",4,4,4,12,"Loyal Customers"
12,55,11850.619999999999,0.4783,515.2443478260869,23,"2024-04-05 00:00:00",3,4,4,11,"Loyal Customers"
183,105,11851.079999999998,0.5217,515.2643478260869,23,"2024-02-15 00:00:00",2,4,4,10,"Need Attention"
213,67,13932.77,0.4815,516.0285185185186,27,"2024-03-24 00:00:00",3,4,4,11,"Loyal Customers"
366,127,12417.77,0.4583,517.4070833333334,24,"2024-01-24 00:00:00",2,4,4,10,"Need Attention"
363,90,9847.56,0.4211,518.2926315789473,19,"2024-03-01 00:00:00",2,3,4,9,"Need Attention"
372,63,13998.299999999997,0.3704,518.4555555555554,27,"2024-03-28 00:00:00",3,2,4,9,"Potential Loyalists"
231,3,15035.27,0.4483,518.4575862068966,29,"2024-05-27 00:00:00",5,4,4,13,"Best Customers"
173,84,10373.94,0.4500,518.697,20,"2024-03-07 00:00:00",3,4,4,11,"Loyal Customers"
181,201,12008.939999999999,0.4783,522.1278260869565,23,"2023-11-11 00:00:00",1,4,4,9,"Need Attention"
191,459,4712.1,0.5556,523.5666666666667,9,"2023-02-26 00:00:00",1,5,4,10,"Need Attention"
337,204,9425.94,0.5000,523.6633333333334,18,"2023-11-08 00:00:00",1,4,4,9,"Need Attention"
448,125,10479.14,0.5000,523.957,20,"2024-01-26 00:00:00",2,4,4,10,"Need Attention"
349,47,14696.719999999998,0.4286,524.882857142857,28,"2024-04-13 00:00:00",4,3,4,11,"Loyal Customers"
301,21,14778.789999999997,0.5000,527.8139285714285,28,"2024-05-09 00:00:00",5,4,4,13,"Best Customers"
194,73,13817.439999999999,0.5385,531.4399999999999,26,"2024-03-18 00:00:00",3,5,4,12,"Loyal Customers"
142,44,8520.47,0.3750,532.529375,16,"2024-04-16 00:00:00",4,2,4,10,"Potential Loyalists"
17,24,14932.160000000002,0.5357,533.2914285714286,28,"2024-05-06 00:00:00",4,5,4,13,"Best Customers"
316,29,14429.529999999999,0.3333,534.4270370370369,27,"2024-05-01 00:00:00",4,2,4,10,"Potential Loyalists"
390,346,8556.82,0.6250,534.80125,16,"2023-06-19 00:00:00",1,5,4,10,"Need Attention"
138,236,11246.989999999998,0.4286,535.5709523809522,21,"2023-10-07 00:00:00",1,3,4,8,Unclassified
361,48,13996.449999999999,0.4231,538.3249999999999,26,"2024-04-12 00:00:00",4,3,4,11,"Loyal Customers"
30,41,15079.630000000001,0.4643,538.5582142857144,28,"2024-04-19 00:00:00",4,4,4,12,"Loyal Customers"
322,35,11310.26,0.5238,538.5838095238096,21,"2024-04-25 00:00:00",4,4,4,12,"Loyal Customers"
216,40,14019.519999999999,0.4231,539.2123076923076,26,"2024-04-20 00:00:00",4,3,4,11,"Loyal Customers"
32,50,10798.119999999999,0.6000,539.906,20,"2024-04-10 00:00:00",4,5,4,13,"Best Customers"
175,24,15706.91,0.5517,541.6175862068966,29,"2024-05-06 00:00:00",5,5,4,14,"Best Customers"
383,95,10853.73,0.5500,542.6865,20,"2024-02-25 00:00:00",2,5,4,11,"Loyal Customers"
152,20,15215.76,0.5357,543.42,28,"2024-05-10 00:00:00",5,5,4,14,"Best Customers"
498,122,12507.57,0.5217,543.8073913043478,23,"2024-01-29 00:00:00",2,4,5,11,"Loyal Customers"
454,166,13057.17,0.5417,544.04875,24,"2023-12-16 00:00:00",1,5,5,11,"Loyal Customers"
51,136,12006.95,0.4091,545.7704545454545,22,"2024-01-15 00:00:00",2,3,5,10,"Need Attention"
4,153,12075.79,0.5000,548.8995454545455,22,"2023-12-29 00:00:00",1,4,5,10,"Need Attention"
452,6,14945.84,0.5556,553.5496296296296,27,"2024-05-24 00:00:00",5,5,5,15,"Best Customers"
264,102,8858.84,0.5000,553.6775,16,"2024-02-18 00:00:00",2,4,5,11,"Loyal Customers"
228,2,16079.99,0.4828,554.4824137931034,29,"2024-05-28 00:00:00",5,4,5,14,"Best Customers"
223,79,13315.36,0.6250,554.8066666666667,24,"2024-03-12 00:00:00",3,5,5,13,"Best Customers"
112,150,11682.899999999998,0.6667,556.3285714285713,21,"2024-01-01 00:00:00",1,5,5,11,"Loyal Customers"
335,116,12253.64,0.4091,556.9836363636364,22,"2024-02-04 00:00:00",2,3,5,10,"Need Attention"
470,89,13367.809999999998,0.3750,556.9920833333332,24,"2024-03-02 00:00:00",2,2,5,9,"Need Attention"
419,48,12269.03,0.5909,557.6831818181819,22,"2024-04-12 00:00:00",4,5,5,14,"Best Customers"
201,18,15636.159999999998,0.4286,558.4342857142857,28,"2024-05-12 00:00:00",5,3,5,13,"Best Customers"
440,106,12308.32,0.4091,559.4690909090909,22,"2024-02-14 00:00:00",2,3,5,10,"Need Attention"
134,183,10640.660000000002,0.5789,560.0347368421053,19,"2023-11-29 00:00:00",1,5,5,11,"Loyal Customers"
444,143,12325.39,0.5455,560.245,22,"2024-01-08 00:00:00",2,5,5,12,"Loyal Customers"
3,74,14604.430000000002,0.5769,561.7088461538463,26,"2024-03-17 00:00:00",3,5,5,13,"Best Customers"
303,293,9020.74,0.5625,563.79625,16,"2023-08-11 00:00:00",1,5,5,11,"Loyal Customers"
185,62,15229.220000000001,0.4444,564.0451851851852,27,"2024-03-29 00:00:00",3,4,5,12,"Loyal Customers"
318,47,14104.659999999998,0.5200,564.1863999999999,25,"2024-04-13 00:00:00",4,4,5,13,"Best Customers"
101,104,14671.229999999998,0.6538,564.2780769230768,26,"2024-02-16 00:00:00",2,5,5,12,"Loyal Customers"
476,297,11341.119999999999,0.6500,567.0559999999999,20,"2023-08-07 00:00:00",1,5,5,11,"Loyal Customers"
73,6,14221.539999999999,0.6000,568.8616,25,"2024-05-24 00:00:00",5,5,5,15,"Best Customers"
149,59,15399.04,0.4815,570.3348148148149,27,"2024-04-01 00:00:00",3,4,5,12,"Loyal Customers"
371,2,15473.829999999996,0.5926,573.1048148148146,27,"2024-05-28 00:00:00",5,5,5,15,"Best Customers"
496,31,15501.179999999997,0.4815,574.1177777777776,27,"2024-04-29 00:00:00",4,4,5,13,"Best Customers"
393,47,14356.480000000001,0.5200,574.2592000000001,25,"2024-04-13 00:00:00",4,4,5,13,"Best Customers"
161,71,14939.829999999998,0.5769,574.6088461538461,26,"2024-03-20 00:00:00",3,5,5,13,"Best Customers"
97,102,12686.35,0.4091,576.6522727272727,22,"2024-02-18 00:00:00",2,3,5,10,"Need Attention"
294,14,15018.210000000001,0.5000,577.6234615384616,26,"2024-05-16 00:00:00",5,4,5,14,"Best Customers"
320,87,15050.839999999998,0.5385,578.8784615384615,26,"2024-03-04 00:00:00",2,5,5,12,"Loyal Customers"
376,7,16835.96,0.5172,580.5503448275862,29,"2024-05-23 00:00:00",5,4,5,14,"Best Customers"
486,40,13998.599999999999,0.4583,583.275,24,"2024-04-20 00:00:00",4,4,5,13,"Best Customers"
422,138,12941.609999999999,0.5000,588.255,22,"2024-01-13 00:00:00",2,4,5,11,"Loyal Customers"
171,33,15907.900000000001,0.5926,589.1814814814816,27,"2024-04-27 00:00:00",4,5,5,14,"Best Customers"
136,152,14148.019999999999,0.5833,589.5008333333333,24,"2023-12-30 00:00:00",1,5,5,11,"Loyal Customers"
80,25,11890.260000000002,0.5500,594.5130000000001,20,"2024-05-05 00:00:00",4,5,5,14,"Best Customers"
460,42,14328.039999999999,0.4167,597.0016666666667,24,"2024-04-18 00:00:00",4,3,5,12,"Loyal Customers"
467,33,15545.3,0.6154,597.8961538461538,26,"2024-04-27 00:00:00",4,5,5,14,"Best Customers"
352,99,14952.810000000001,0.5600,598.1124000000001,25,"2024-02-21 00:00:00",2,5,5,12,"Loyal Customers"
378,137,13804.83,0.6522,600.21,23,"2024-01-14 00:00:00",2,5,5,12,"Loyal Customers"
158,124,12642.369999999999,0.5714,602.017619047619,21,"2024-01-27 00:00:00",2,5,5,12,"Loyal Customers"
177,59,11450.060000000001,0.5263,602.6347368421053,19,"2024-04-01 00:00:00",3,4,5,12,"Loyal Customers"
474,51,13302.93,0.5909,604.6786363636364,22,"2024-04-09 00:00:00",3,5,5,13,"Best Customers"
351,19,16381.19,0.6296,606.7107407407408,27,"2024-05-11 00:00:00",5,5,5,15,"Best Customers"
488,54,15801.210000000001,0.5769,607.7388461538462,26,"2024-04-06 00:00:00",3,5,5,13,"Best Customers"
308,55,15862.699999999999,0.5385,610.1038461538461,26,"2024-04-05 00:00:00",3,5,5,13,"Best Customers"
21,8,14668.740000000002,0.5417,611.1975000000001,24,"2024-05-22 00:00:00",5,5,5,15,"Best Customers"
379,150,12286.05,0.6500,614.3025,20,"2024-01-01 00:00:00",1,5,5,11,"Loyal Customers"
357,8,15984.109999999999,0.5769,614.7734615384614,26,"2024-05-22 00:00:00",5,5,5,15,"Best Customers"
268,161,9248.44,0.5333,616.5626666666667,15,"2023-12-21 00:00:00",1,5,5,11,"Loyal Customers"
495,154,13614.980000000001,0.5000,618.8627272727273,22,"2023-12-28 00:00:00",1,4,5,10,"Need Attention"
326,23,14255.429999999998,0.4348,619.801304347826,23,"2024-05-07 00:00:00",5,3,5,13,"Best Customers"
389,109,11873.230000000001,0.5263,624.9068421052632,19,"2024-02-11 00:00:00",2,4,5,11,"Loyal Customers"
2,2,18223.82,0.5862,628.4075862068966,29,"2024-05-28 00:00:00",5,5,5,15,"Best Customers"
180,21,12633.060000000001,0.5000,631.653,20,"2024-05-09 00:00:00",5,4,5,14,"Best Customers"
328,0,15175.070000000002,0.6667,632.2945833333334,24,"2024-05-30 00:00:00",5,5,5,15,"Best Customers"
283,153,14547.250000000002,0.6087,632.4891304347827,23,"2023-12-29 00:00:00",1,5,5,11,"Loyal Customers"
144,261,12678.42,0.6000,633.921,20,"2023-09-12 00:00:00",1,5,5,11,"Loyal Customers"
490,59,16490.13,0.6923,634.2357692307693,26,"2024-04-01 00:00:00",3,5,5,13,"Best Customers"
386,36,17167.170000000002,0.6296,635.8211111111112,27,"2024-04-24 00:00:00",4,5,5,14,"Best Customers"
110,100,16577.030000000002,0.5000,637.578076923077,26,"2024-02-20 00:00:00",2,4,5,11,"Loyal Customers"
118,337,11519.36,0.6667,639.9644444444444,18,"2023-06-28 00:00:00",1,5,5,11,"Loyal Customers"
296,280,10328.93,0.6250,645.558125,16,"2023-08-24 00:00:00",1,5,5,11,"Loyal Customers"
465,109,14887.86,0.5217,647.2982608695653,23,"2024-02-11 00:00:00",2,4,5,11,"Loyal Customers"
319,78,15575.940000000002,0.4583,648.9975000000001,24,"2024-03-13 00:00:00",3,4,5,12,"Loyal Customers"
163,67,16877.179999999997,0.5769,649.1223076923076,26,"2024-03-24 00:00:00",3,5,5,13,"Best Customers"
221,198,11057.779999999999,0.5882,650.4576470588235,17,"2023-11-14 00:00:00",1,5,5,11,"Loyal Customers"
129,123,13097.819999999998,0.6000,654.8909999999998,20,"2024-01-28 00:00:00",2,5,5,12,"Loyal Customers"
280,51,15741.56,0.5833,655.8983333333333,24,"2024-04-09 00:00:00",3,5,5,13,"Best Customers"
143,96,17114.05,0.5769,658.2326923076923,26,"2024-02-24 00:00:00",2,5,5,12,"Loyal Customers"
93,159,15178.61,0.6087,659.9395652173913,23,"2023-12-23 00:00:00",1,5,5,11,"Loyal Customers"
206,133,16662.78,0.6400,666.5111999999999,25,"2024-01-18 00:00:00",2,5,5,12,"Loyal Customers"
275,37,16762.57,0.6000,670.5028,25,"2024-04-23 00:00:00",4,5,5,14,"Best Customers"
79,0,19459.82,0.6207,671.028275862069,29,"2024-05-30 00:00:00",5,5,5,15,"Best Customers"
155,82,15463.369999999999,0.5217,672.3204347826087,23,"2024-03-09 00:00:00",3,4,5,12,"Loyal Customers"
24,258,12105.359999999999,0.6111,672.52,18,"2023-09-15 00:00:00",1,5,5,11,"Loyal Customers"
224,198,12929.27,0.4737,680.4878947368421,19,"2023-11-14 00:00:00",1,4,5,10,"Need Attention"
340,116,14990.710000000003,0.5909,681.3959090909092,22,"2024-02-04 00:00:00",2,5,5,12,"Loyal Customers"
146,53,15840.550000000001,0.7391,688.7195652173914,23,"2024-04-07 00:00:00",3,5,5,13,"Best Customers"
384,185,13821.3,0.5500,691.0649999999999,20,"2023-11-27 00:00:00",1,5,5,11,"Loyal Customers"
269,260,10389.94,0.6000,692.6626666666667,15,"2023-09-13 00:00:00",1,5,5,11,"Loyal Customers"
225,162,16865.819999999996,0.5417,702.7424999999998,24,"2023-12-20 00:00:00",1,5,5,11,"Loyal Customers"
295,48,19312.77,0.6296,715.2877777777778,27,"2024-04-12 00:00:00",4,5,5,14,"Best Customers"
353,54,19511.560000000005,0.7037,722.6503703703705,27,"2024-04-06 00:00:00",3,5,5,13,"Best Customers"
480,330,723.01,1.0000,723.01,1,"2023-07-05 00:00:00",1,5,5,11,"Loyal Customers"
74,36,16169.84,0.7727,734.9927272727273,22,"2024-04-24 00:00:00",4,5,5,14,"Best Customers"
92,17,17518.19,0.5217,761.6604347826086,23,"2024-05-13 00:00:00",5,4,5,14,"Best Customers"
128,88,16008.800000000001,0.7143,762.3238095238096,21,"2024-03-03 00:00:00",2,5,5,12,"Loyal Customers"
455,252,6172.1,0.6250,771.5125,8,"2023-09-21 00:00:00",1,5,5,11,"Loyal Customers"
127,3,19175.57,0.6250,798.9820833333333,24,"2024-05-27 00:00:00",5,5,5,15,"Best Customers"
261,139,15252.710000000001,0.6316,802.7742105263159,19,"2024-01-12 00:00:00",2,5,5,12,"Loyal Customers"
121,69,7236.259999999999,0.8889,804.0288888888888,9,"2024-03-22 00:00:00",3,5,5,13,"Best Customers"
300,154,18061.14,0.6364,820.960909090909,22,"2023-12-28 00:00:00",1,5,5,11,"Loyal Customers"
196,186,19367.39,0.7391,842.0604347826087,23,"2023-11-26 00:00:00",1,5,5,11,"Loyal Customers"
475,8,21998.06,0.6538,846.0792307692308,26,"2024-05-22 00:00:00",5,5,5,15,"Best Customers"
187,117,17527.59,0.7500,876.3795,20,"2024-02-03 00:00:00",2,5,5,12,"Loyal Customers"
62,33,6377.0199999999995,0.8571,911.0028571428571,7,"2024-04-27 00:00:00",4,5,5,14,"Best Customers"
271,170,13693.109999999999,0.8000,912.8739999999999,15,"2023-12-12 00:00:00",1,5,5,11,"Loyal Customers"
394,476,1927.66,1.0000,1927.66,1,"2023-02-09 00:00:00",1,5,5,11,"Loyal Customers"
